\\ob-filesrv01\Share\General\Documentation\OB_Doc_Control\SOP\UnderReview\1_Prod_Gantry.docx,1/7/2015 8:02:25 AM
\\ob-filesrv01\Share\General\Documentation\OB_Doc_Control\SOP\UnderReview\2_Prod_Cutting_and_Grind-Load.docx,1/27/2015 5:31:14 PM
\\ob-filesrv01\Share\General\Documentation\OB_Doc_Control\SOP\UnderReview\3_Prod_The_Grinder_and_Grind-Unload.docx,2/2/2015 5:59:40 PM
\\ob-filesrv01\Share\General\Documentation\OB_Doc_Control\SOP\UnderReview\4_Prod_Tempering.docx,2/6/2015 3:23:16 PM
\\ob-filesrv01\Share\General\Documentation\OB_Doc_Control\SOP\UnderReview\5_Prod_Polish.docx,2/23/2015 5:08:41 PM
\\ob-filesrv01\Share\General\Documentation\OB_Doc_Control\SOP\UnderReview\Accessing_Documentation_in_Productions,_Operations,_&_Planning.docx,2/24/2015 11:47:05 AM
\\ob-filesrv01\Share\General\Documentation\OB_Doc_Control\SOP\UnderReview\Cycling_Condition_Resolutions.docx,11/17/2014 3:39:05 PM
\\ob-filesrv01\Share\General\Documentation\OB_Doc_Control\SOP\UnderReview\Cycling_Condtion_Resolution.docx,10/7/2013 4:13:49 PM
\\ob-filesrv01\Share\General\Documentation\OB_Doc_Control\SOP\UnderReview\Duplicate_Lite_Resolver.docx,2/17/2015 8:51:43 AM
\\ob-filesrv01\Share\General\Documentation\OB_Doc_Control\SOP\UnderReview\Employee_Management.docx,10/22/2014 4:17:04 PM
\\ob-filesrv01\Share\General\Documentation\OB_Doc_Control\SOP\UnderReview\Factory_PPE_Standards.docx,12/3/2014 10:01:05 PM
\\ob-filesrv01\Share\General\Documentation\OB_Doc_Control\SOP\UnderReview\FeneVision_Unit_Reject.docx,10/31/2014 1:31:28 PM
\\ob-filesrv01\Share\General\Documentation\OB_Doc_Control\SOP\UnderReview\Governing_Report_Services_Usage.docx,12/29/2014 1:25:11 PM
\\ob-filesrv01\Share\General\Documentation\OB_Doc_Control\SOP\UnderReview\IG_Finished_Goods_Label_Application_Instructions.docx,11/3/2014 4:27:43 PM
\\ob-filesrv01\Share\General\Documentation\OB_Doc_Control\SOP\UnderReview\Inventory_Count.docx,4/16/2014 10:42:37 AM
\\ob-filesrv01\Share\General\Documentation\OB_Doc_Control\SOP\UnderReview\Optimizing In Opti-Glass.docx,2/5/2015 5:09:39 PM
\\ob-filesrv01\Share\General\Documentation\OB_Doc_Control\SOP\UnderReview\POP_Install_Update_Procedure.docx,12/4/2014 2:08:59 PM
\\ob-filesrv01\Share\General\Documentation\OB_Doc_Control\SOP\UnderReview\POP_Order_Management.docx,1/29/2015 10:25:45 AM
\\ob-filesrv01\Share\General\Documentation\OB_Doc_Control\SOP\UnderReview\POP_Shipping.docx,12/15/2014 4:42:57 PM
\\ob-filesrv01\Share\General\Documentation\OB_Doc_Control\SOP\UnderReview\Reject_Reason_Descriptions_V1.docx,1/21/2015 2:33:51 PM
\\ob-filesrv01\Share\General\Documentation\OB_Doc_Control\SOP\UnderReview\Reject_Reason_Descriptions_V2.docx,2/18/2015 9:59:35 AM
\\ob-filesrv01\Share\General\Documentation\OB_Doc_Control\SOP\UnderReview\Shipping_Procedure_Outline.docx,1/21/2015 10:19:16 AM
\\ob-filesrv01\Share\General\Documentation\OB_Doc_Control\SOP\UnderReview\SOD_Test_Environment_Settings.docx,11/12/2014 2:13:46 PM
\\ob-filesrv01\Share\General\Documentation\OB_Doc_Control\SOP\UnderReview\View_Glass_Handling.docx,2/17/2015 11:34:54 AM
